"pathway","pval","padj","log2err","ES","NES","size","leadingEdge"
"HALLMARK_E2F_TARGETS",5.23440350727498e-46,2.61720175363749e-44,1.76830432671752,0.698263644856359,3.36950646231396,200,"TRIP13;ORC6;CDC25B;CSE1L;RFC3;DSCC1;EZH2;KIF18B;MYC;MTHFD2;NME1;KIF2C;UBE2S;PAICS;KPNA2;AURKA;DIAPH3;NOP56;MELK;GINS1;CDCA3;RRM2;LYAR;KIF4A;UBE2T;CTPS1;RAN;CDK4;RANBP1;ATAD2;MYBL2;NOLC1;BIRC5;CNOT9;MCM3;RACGAP1;CCNE1;MAD2L1;CHEK1;BRCA2;PTTG1;PA2G4;CDK1;CKS2;RNASEH2A;NUP107;SPC25;POLD2;PLK1;TOP2A;MCM6;HMGA1;MCM7;MCM4;EXOSC8;BRCA1;PRDX4;BUB1B;SPC24;TIMELESS;GINS4;MCM2;WDR90;NAP1L1;CKS1B;HELLS;CDC25A;CDKN2A;CDKN3;NUP205;CDCA8;SUV39H1;MMS22L;GINS3;DLGAP5;PRIM2;ASF1B;POLA2;TACC3;RAD51AP1;SPAG5;PRPS1;CCNB2;PRKDC;AURKB;DNMT1;CIT;PCNA;DDX39A;ILF3;LIG1;CENPE;SLBP;PLK4;CHEK2;ESPL1;RAD1;CDC20;HMMR;IPO7;SNRPB;SRSF2;RFC2;SYNCRIP;TBRG4;H2AZ1;MKI67;H2AX;STMN1;MRE11;NCAPD2;SSRP1;POLD1;POP7;TUBG1;MSH2;SMC4;TUBB;DCLRE1B;HMGB3;RBBP7;BARD1;NASP;DEPDC1;XPO1;HNRNPD;WEE1;TCF19;TK1;RPA3;PAN2;TMPO;ORC2;PNN;LMNB1"
"HALLMARK_MYC_TARGETS_V1",1.33115535286925e-34,3.32788838217311e-33,1.52970525162309,0.644923571530765,3.11211124620205,200,"XPOT;HSP90AB1;MYC;NME1;HSPD1;IARS1;CDK2;EIF2S2;KPNA2;NOP56;SF3B3;CTPS1;RAN;CDK4;CAD;RANBP1;CDC45;RFC4;GNL3;NOLC1;MAD2L1;EIF3B;CCT2;SET;PA2G4;CCT3;RRP9;NPM1;DDX21;PSMD14;CBX3;POLD2;MCM6;MCM7;MCM4;PRDX4;MCM2;HNRNPA1;NAP1L1;CCT5;CCT4;BUB3;SMARCC1;PWP1;PABPC1;TFDP1;RNPS1;ODC1;RSL1D1;CCNA2;ACP1;ABCE1;SRM;SSBP1;SNRPA1;HDAC2;PPIA;CCT7;PCNA;PSMA7;RPS2;UBA2;CLNS1A;SNRPD1;CDC20;FBL;SRSF2;SYNCRIP;PPM1G;NHP2;DDX18;SRPK1;SRSF7;IMPDH2;ILF2;SSB;PSMA1;HSPE1;EIF4A1;MRPL9;KARS1;TRIM28;PSMB2;PABPC4;H2AZ1;LSM7;RUVBL2;SNRPA;SNRPD2;RPL6;PRPS2;HPRT1;NCBP2;LSM2;PGK1;GLO1;SNRPG;G3BP1;RPLP0;RPS3;EIF1AX;XPO1;RPL14;HNRNPD;PSMA2;POLE3;SNRPB2;APEX1;HDGF;HNRNPC;PSMD7;HNRNPU;RPL18;ORC2;ERH;KPNB1;RPS5;RPS10;HNRNPA2B1;LDHA;DHX15;HNRNPA3;EIF3D;EPRS1;RACK1;CUL1;SRSF1;PTGES3;EIF2S1;RRM1;MCM5;C1QBP;RPS6;DEK;MRPL23;CSTF2;TYMS;VDAC1;EIF3J"
"HALLMARK_G2M_CHECKPOINT",4.41883549335364e-33,7.36472582225606e-32,1.49547932629977,0.63588489387893,3.0684946509762,200,"SLC7A5;ORC6;DKC1;CDC25B;CCND1;TROAP;TPX2;UBE2C;EZH2;MYC;NEK2;BUB1;KIF2C;UBE2S;CCNF;KPNA2;AURKA;RAD54L;KIF23;EXO1;KIF4A;E2F1;CDK4;CDC45;CDC6;MYBL2;NOLC1;BIRC5;MCM3;RACGAP1;CENPA;PRC1;MAD2L1;CHEK1;BRCA2;PTTG1;CDK1;CKS2;TRAIP;PLK1;TOP2A;MCM6;ODF2;HMGA1;SQLE;STIL;DBF4;MCM2;CKS1B;CDC25A;TTK;BUB3;E2F3;CDKN3;SLC12A2;SMARCC1;CENPF;TFDP1;RBL1;ODC1;CCNA2;SUV39H1;POLQ;SLC7A1;PRIM2;DTYMK;NUSAP1;POLA2;TACC3;GINS2;CCNB2;AURKB;CUL4A;DDX39A;ILF3;CENPE;PLK4;ESPL1;SNRPD1;CDC20;HMMR;FBXO5;SRSF2;NCL;SYNCRIP;KIF11;ORC5;CHAF1A;SFPQ;PTTG3P;PRMT5;CDC7;TENT4A;KIF15;H2AZ1;MKI67;H2AX;KIF20B;STMN1;MNAT1;KNL1;TNPO2;SMC4;INCENP;PBK;HMGB3;G3BP1;NDC80;BARD1;NASP;XPO1;HNRNPD;SMC2;E2F4;HNRNPU;TMPO;LMNB1;SAP30;KPNB1"
"HALLMARK_MYC_TARGETS_V2",3.37552643725164e-19,4.21940804656455e-18,1.13308993200902,0.767057574482929,3.0243812001351,58,"BYSL;RCL1;NOP2;WDR43;RRP12;MYC;SORD;HSPD1;NOP56;TMEM97;PUS1;CDK4;GNL3;NOLC1;PRMT3;PA2G4;RRP9;NPM1;CBX3;PPRC1;PLK1;MCM4;IPO4;MRTO4;EXOSC5;TCOF1;SRM;NIP7;LAS1L;MYBBP1A;WDR74;PPAN;PLK4;UTP20;DUSP2;RABEPK;PES1;DDX18;HSPE1;SLC19A1;TBRG4;GRWD1;NOC4L"
"HALLMARK_ADIPOGENESIS",6.44796060386776e-18,6.44796060386776e-17,1.0959292864312,-0.505139699607095,-2.61561206281834,199,"RETSAT;PDCD4;CPT2;ACOX1;ACADS;ELMOD3;MYLK;CAVIN2;HSPB8;RIOK3;SQOR;MGLL;SULT1A1;LIFR;ACAA2;SCP2;LPCAT3;PGM1;TST;IDH3A;GPX3;MGST3;ACADM;ACO2;SPARCL1;SORBS1;APLP2;ITIH5;CYP4B1;ITGA7;ATP1B3;CAT;CMBL;GHITM;HADH;ADCY6;RNF11;EPHX2;MIGA2;CD36;MTARC2;PHYH;SSPN;SUCLG1;CCNG2;DECR1;PPM1B;BCL2L13;ELOVL6;CAVIN1;ENPP2;SNCG;CD302;AGPAT3;ITSN1;HIBCH;STOM;SDHB;GPD2;ECH1;CRAT;ANGPT1;IMMT;DLD;PHLDB1;PPARG;ATP5PO;COQ9;ECHS1;CHCHD10;ARL4A;LEP;CDKN2C;DHRS7;ALDH2;FZD4;ADIPOR2;UQCR10;RREB1;OMD;RTN3;FABP4;SOWAHC;NDUFA5;LTC4S;DBT;IFNGR1;ESRRA"
"HALLMARK_OXIDATIVE_PHOSPHORYLATION",1.7845176353976e-12,1.487098029498e-11,0.910119734774459,-0.453723833826106,-2.35022330019508,200,"RETSAT;ETFDH;CASP7;PDK4;HADHB;HADHA;SLC25A20;CPT1A;ACAT1;ACAA2;MPC1;IDH3A;MGST3;ACADM;ACO2;MFN2;SDHD;MRPL35;ACAA1;AFG3L2;ATP6V1D;PHYH;MAOB;ATP5F1A;SLC25A4;UQCRFS1;SUCLG1;DECR1;NDUFS1;OGDH;ACADVL;ALDH6A1;ACADSB;ETFA;ALAS1;UQCRC2;SLC25A12;SDHA;COX5A;ATP5PB;NDUFC1;NNT;BDH2;ATP5F1B;ATP5PF;MDH1;NDUFS2;ATP5MC3;NDUFB1;SDHB;COX10;ECH1;IMMT;DLD;DLST;NDUFB3;FDX1;CYB5A;ATP5PO;NDUFS4;ECHS1;ISCU;SLC25A11;COX7C;UQCR10;CYCS;NDUFA1;NDUFA5;MRPS11;CYB5R3;NDUFA6;MRPL34;ISCA1;COX7A2;FH;ATP5PD;SLC25A3;COX8A;ATP6V1E1;PDHB;GLUD1;NDUFA2;CS;UQCRC1;ATP5MC1;NDUFV2;HCCS;ATP5F1C;SURF1;ATP5ME;DLAT;COX4I1;ATP5MG;COX17;NDUFB8"
"HALLMARK_MYOGENESIS",1.02121393904794e-11,7.29438527891382e-11,0.875325132024659,-0.449312893468238,-2.30870243239146,190,"PYGM;FHL1;MYOM1;FXYD1;SVIL;MYLK;ADCY9;HSPB8;MYH11;LDB3;GNAO1;TPM2;NCAM1;SH3BGR;GSN;TAGLN;SMTN;LARGE1;CRYAB;ACTA1;GPX3;SORBS1;VIPR1;CASQ2;SPEG;ITGA7;OCEL1;CLU;SGCG;BDKRB2;MEF2D;CACNA1H;MYO1C;DES;CASQ1;DMPK;DMD;CD36;MYL6B;COX7A1;CFD;PPP1R3C;FOXO4;LSP1;SSPN;SGCA;MEF2C;HSPB2;CHRNA1;NOS1;MB;CDKN1A;HRC;SORBS3;SCHIP1;EFS;DENND2B;FGF2;FKBP1B;PDLIM7;CRAT;PRNP;AGL;KCNH1;MEF2A;TNNT3;DTNA;GABARAPL2;BAG1;FLII;SLC6A8;CKB;CKM;SH2B1;PDE4DIP;PC;WWTR1;MYH3;PTGIS;MYH9;MYH2;MAPRE3;LAMA2;DAPK2;RYR1;REEP1;IGF1;CTF1;MYOM2;MYOZ1;KLF5;ACHE"
"HALLMARK_MTORC1_SIGNALING",1.63977672109595e-11,1.02486045068497e-10,0.863415391606693,0.461379821541174,2.22641161646622,200,"TRIB3;SLC7A5;SLC6A6;PSAT1;CCT6A;SCD;MTHFD2;SORD;BUB1;HSPD1;EIF2S2;CCNF;AURKA;SLC7A11;TMEM97;RRM2;GMPS;PPA1;EEF1E1;PSPH;NUFIP1;SHMT2;PNO1;RRP9;PSMD14;PLK1;MCM4;SQLE;MCM2;CDC25A;ASNS;DHCR7;NUP205;STC1;POLR3G;GLA;BHLHE40;DDIT4;SLC2A1;PPIA;STIP1;DDX39A;SERPINH1;PSMG1;ACLY;CACYBP;SLC1A5;HSPE1;PSMC2;ERO1A;TOMM40;ACACA;ABCF2;HPRT1;FADS1;TUBG1;TM7SF2;FADS2;PGK1;PITPNB;ME1;ENO1;GPI;PSMD12;P4HA1;INSIG1;GAPDH;PHGDH;ELOVL5;DDIT3;HMBS;SLC1A4;PSME3;CYB5B;SRD5A1;TUBA4A;HSPA9;LDHA;RDH11;PSMB5;HSP90B1;EPRS1;FDXR;PDAP1"
"HALLMARK_FATTY_ACID_METABOLISM",1.5282763397019e-10,8.49042410945501e-10,0.826657301178302,-0.462528775470099,-2.29804053950306,155,"RETSAT;SLC22A5;ETFDH;PRDX6;CA2;CPT2;ACOX1;TP53INP2;UGDH;HADHB;ACADS;CPT1A;MGLL;SUCLG2;ADH1C;ACAA2;HSD17B11;HPGD;CA4;MAOA;AOC3;ALAD;EHHADH;CD1D;ACADM;ACO2;SDHD;FABP2;SERINC1;AUH;HADH;AQP7;ECI2;ACAA1;HMGCL;CD36;FABP1;SUCLG1;DECR1;ACADVL;HMGCS2;SDHA;HIBCH;GABARAPL1;EPHX1;MDH1;ACOT2;ALDH3A2;PPARA;GPD2;ECH1;CRAT;ALDH9A1;DLD;DLST"
"HALLMARK_HEME_METABOLISM",2.37247026697147e-10,1.18623513348574e-09,0.814035837847908,-0.429175243070299,-2.21353767550831,195,"ABCG2;CA2;ENDOD1;MXI1;MARCHF8;ADD1;CA1;SLC30A10;RIOK3;NCOA4;IGSF3;TRAK2;SLC22A4;TNS1;TMEM9B;ALAD;DCAF11;MGST3;SIDT2;NFE2L1;TENT5C;SLC6A9;KAT2B;GDE1;CAT;GYPC;BSG;ATG4A;LMO2;HBB;OPTN;MARCHF2;SELENBP1;SLC66A2;YPEL5;KLF3;MKRN1;CAST;NR3C1;LRP10;ACKR1;ALDH6A1;EPB42;CLIC2;FECH;SNCA;NNT;SYNJ1;ERMAP;HBD;TRIM10;CCDC28A;HTATIP2;XK;TAL1;FBXO34;HEBP1;LPIN2;ATP6V0A1;SLC6A8;E2F2;PC;KHNYN;PPP2R5B;RHCE;GYPE;SLC30A1;NEK7;EZH1;TRIM58;FBXO7;UBAC1;RNF19A;BMP2K;GATA1;TMCC2;ICAM4;FOXJ2;ISCA1;BTG2"
"HALLMARK_UNFOLDED_PROTEIN_RESPONSE",1.59987067150892e-09,7.27213941594965e-09,0.788186810800237,0.508743375863017,2.27304888867518,113,"SLC7A5;DKC1;PSAT1;EXOSC2;XPOT;STC2;MTHFD2;IARS1;NOP56;NOLC1;VEGFA;DDX10;RRP9;NOP14;NPM1;CKS1B;CEBPB;EIF4EBP1;ASNS;EXOSC5;SRPRB;DDIT4;CHAC1;ARFGAP1;EXOSC4;NHP2;PREB;EIF4A1;ERO1A;H2AX;IGFBP1;KDELR3;FUS;PAIP1;EXOSC9;SDAD1;PDIA6;SLC1A4;GEMIN4;EIF4A3;HSPA9;LSM4;FKBP14;HSP90B1;EXOSC1;NFYA;TARS1;EIF2S1;WFS1;KHSRP"
"HALLMARK_XENOBIOTIC_METABOLISM",1.97855601789571e-08,8.2439834078988e-08,0.73376198835648,-0.390446001537019,-2.01466787898981,194,"RETSAT;ETFDH;ENTPD5;CA2;TAT;GCNT2;ACOX1;UGDH;PDK4;PAPSS2;PINK1;ADH1C;HSD17B2;NDRG2;HMOX1;SLC35D1;MAOA;CROT;PTGR1;ABHD6;TNFRSF1A;XDH;G6PC1;ACO2;MT2A;SLC46A3;CAT;PPARD;LEAP2;MPP2;CD36;MAN1A1;FABP1;CYP2C18;ACP2;FBLN1;FAS;SAR1B;AOX1;ALAS1;GSTM4;ABCD2;GABARAPL1;EPHX1;ABCC3;ID2;CYP2J2;TMBIM6;DHRS1;ACOX3;PTGDS;ECH1;AKR1C3;PMM1;CDO1;AKR1C2;ALDH9A1;CNDP2;LPIN2;CYP27A1;CYB5A;CBR1;ADH5;DHRS7;ALDH2;UPP1;PC;SERTAD1;ACSM1"
"HALLMARK_BILE_ACID_METABOLISM",1.25204523654274e-07,4.81555860208745e-07,0.690132458796796,-0.45296423961435,-2.09810643126619,110,"PEX26;RETSAT;RXRG;NR3C2;PEX11A;ABCA8;BCAR3;PXMP2;SLC23A1;HSD17B11;SCP2;ABCD3;RXRA;CROT;SULT1B1;NR1H4;CAT;ABCA9;EPHX2;OPTN;PHYH;PEX19;BMP6;PECR;HSD17B6;SLC27A2;ABCD2;ABCA6;TFCP2L1;ABCA5;PAOX;ALDH9A1;AR"
"HALLMARK_UV_RESPONSE_DN",2.88733029006661e-06,1.0311893893095e-05,0.627256739718528,-0.386166991158297,-1.89298078095789,144,"CITED2;PTPN21;PLPP3;MGLL;SRI;ATP2B4;CAP2;LPAR1;RXRA;KCNMA1;CAV1;ZMIZ1;MT1E;SMAD7;WDR37;ATP2B1;SPOP;ARHGEF9;PRKAR2B;FBLN5;NR3C1;KIT;CDON;PMP22;PRKCE;SCHIP1;KALRN;DMAC2L;ITGB3;EFEMP1;TGFBR3;MAGI2;DUSP1;VLDLR;CDC42BPA;PIK3CD;PPARG;SYNE1;ADGRL2;ACVR2A;PTPRM;CACNA1A;MAP1B;NEK7;NFKB1;AMPH;PRKCA;DLC1;BMPR1A;RBPMS;PTEN;SMAD3;MAP2K5;AKT3;ADORA2B;PTGFR;SLC22A18;TOGARAM1;TJP1;RND3;GRK5;SDC2;PDLIM5;DBP;TGFBR2;DLG1"
"HALLMARK_COMPLEMENT",3.46297696642988e-06,1.15432565547663e-05,0.627256739718528,-0.34838955748562,-1.80460710790249,200,"CSRP1;CA2;CASP7;CPM;CALM1;BRPF3;PSEN1;GNG2;CTSS;CASP5;CLU;PRKCD;PPP2CB;DYRK2;CD36;LGALS3;PRSS36;RAF1;CPQ;IRF2;GRB2;CASP10;ZEB1;KCNIP3;KLKB1;C1QA;SCG3;CASP9;PIK3CG;SIRT6;CR2;CTSO;GPD2;GZMA;CALM3;WAS;GNGT2;CFH;C1QC;FCN1;CD40LG;CD59;CCL5;GP1BA;F8;MMP15;CASP3;FDX1;CTSD;EHD1;RBSN;CP;PLAT;ZFPM2;DOCK10;HPCAL4;LGMN;PIK3R5;LIPA;CDA;CR1;RHOG;KLK1;GMFB;USP8;SPOCK2;AKAP10;SH2B3;LTF"
"HALLMARK_DNA_REPAIR",1.13599357626883e-05,3.54997992584009e-05,0.593325476396405,0.405733775120537,1.88194141688724,150,"CCNO;RFC3;POLR2D;POLR1C;NME1;RFC4;RAE1;NELFCD;UMPS;POLR1D;POLA2;FEN1;PCNA;ERCC3;POLB;POLA1;LIG1;RFC2;ALYREF;IMPDH2;POM121;PRIM1;TARBP2;POLR1H;SNAPC4;POLR3C;UPF3B;ADRM1;ZWINT;HPRT1;SSRP1;POLD1;NCBP2;SF3A3;CSTF3;MPG;GTF2H3;BCAP31;ADA;POLR2H;ERCC2;AAAS;TAF1C;RPA3;ITPA;ERCC1;SRSF6;POLR2G;RAD51;TAF9;RFC5;ERCC8;POLR2I;CETN2;SAC3D1;NUDT21;TYMS;APRT;ZNF707;TMED2;POLR2K;GUK1;BOLA2;GTF3C5;PNP;POLR2C;SEC61A1;TP53"
"HALLMARK_INTERFERON_GAMMA_RESPONSE",3.31648796763789e-05,9.75437637540557e-05,0.557332238758646,-0.323755903543706,-1.67640723422894,199,"CASP7;SPPL2A;SECTM1;SRI;TNFSF10;P2RY14;FGL2;RIPK1;EIF4E3;MT2A;TXNIP;TDRD7;IRF4;MVP;IL4R;BTG1;B2M;VAMP8;SSPN;DDX60;IRF2;TRIM14;CDKN1A;OASL;SLAMF7;FAS;CMKLR1;ITGB7;TRIM25;MYD88;IL10RA;TMT1B;RSAD2;BANK1;GZMA;CFH;TRAFD1;NFKBIA;CCL5;CASP3;STAT3;CSF2RB;ARL4A;UPP1;ISG20;NFKB1;STAT4;ST8SIA4;IL2RB;TOR1B;RIGI;XCL1;PARP12;CD38;CD69;VCAM1;IFIT2;IFIT1;APOL6;SELP;IFI35;HLA-B;PTPN6;C1R;C1S;CMPK2;KLRK1;SAMHD1;SERPING1;VAMP5;SP110;IL15;PIM1;TRIM21;CCL2;SAMD9L;PELI1;CD74;IL18BP;LGALS3BP;BPGM;GCH1;HLA-A;HLA-DQA1;CASP1;IRF1;ISOC1;TNFAIP3;PLSCR1;ST3GAL5;HLA-DRB1;CD86;ZBP1;HLA-DMA;RTP4;IL7"
"HALLMARK_EPITHELIAL_MESENCHYMAL_TRANSITION",0.000179087297755933,0.000497464715988702,0.518848077743792,0.342940479034364,1.65487659110914,200,"COL11A1;INHBA;TGFBI;CTHRC1;TNFRSF12A;COMP;SNTB1;MMP3;ADAM12;MSX1;MMP1;COL7A1;TIMP1;FAP;OXTR;CD44;CXCL1;SPP1;CXCL8;VEGFA;BGN;COL1A1;MCM7;ITGA2;PRSS2;MEST;P3H1;LOXL2;SFRP4;MATN3;COLGALT1;PVR;PMEPA1;SERPINH1;COL12A1;PLOD3;THBS2;COL5A2;SERPINE1;CXCL6;TPM4;CDH11;AREG;WNT5A;SPARC;COL5A1;THY1;TNFRSF11B;DKK1;SERPINE2;COL1A2;MMP14;LRRC15;CALU;VCAN;PRRX1;COL4A1"
"HALLMARK_HYPOXIA",0.000279659777229644,0.000735946782183274,0.49849310876659,-0.312391683065962,-1.61363396692147,198,"UGP2;STBD1;MXI1;GCNT2;CITED2;PYGM;NEDD4L;PGM1;PLAC8;HMOX1;CA12;SRPX;EDN2;LARGE1;FAM162A;MT2A;PCK1;CAV1;HK2;LXN;CCN5;B4GALNT2;KIF5A;NDST1;NDRG1;MT1E;SELENBP1;PPP1R3C;BTG1;EXT1;PPARGC1A;CCNG2;DCN;NR3C1;BCL2;FOSL2;CDKN1A;CAVIN1"
"HALLMARK_APICAL_JUNCTION",0.000310961756955364,0.000777404392388409,0.49849310876659,-0.302605166421707,-1.56688877191677,199,"MYL9;CADM3;ACTG2;NEGR1;FLNC;WASL;CTNND1;LIMA1;ACTA1;CD209;SPEG;MADCAM1;PALS1;JAM3;CLDN7;HADH;SGCE;CLDN8;VCL;GNAI1;CLDN5;CADM2;NEXN;CLDN11;PARVA;RHOF;B4GALT1;CAP1;NLGN3;SORBS3;LDLRAP1;NFASC;RSU1;CNTN1;CTNNA1;EGFR;PCDH1;VASP;ARHGEF6;NECTIN3;SLIT2;ARPC2;ADRA1B;NHERF4;CRAT;MYL12B;SKAP2;CALB2;CD34;MAPK13;CDH1;COL17A1;MYH9;EVL;NRXN2;PTEN;PECAM1;ICAM4;ADAM23;PTPRC;TAOK2;VCAM1;AKT3;ITGA3;TJP1;CRB3;KCNH2;FYB1;SDC3;PARD6G;NRAP;DLG1;VWF;AMIGO1;MSN;RAC2;PIK3CB;RRAS;LAMA3;LAYN;TSPAN4;ACTN1"
"HALLMARK_ANDROGEN_RESPONSE",0.000516365692702869,0.00122944212548302,0.477270815362862,-0.360259848427472,-1.64094584404959,100,"PLPP1;GPD1L;SGK1;PTPN21;SLC26A2;SELENOP;LIFR;NCOA4;HPGD;TMPRSS2;PTK2B;ADAMTS1;UAP1;ZMIZ1;MAF;VAPA;NDRG1;IQGAP2;TMEM50A;B2M;FKBP5;B4GALT1;PIAS1;UBE2J1;CAMKK2;AKAP12;MYL12A;HERC3"
"HALLMARK_GLYCOLYSIS",0.000643458268434809,0.00146240515553366,0.477270815362862,0.326608111814368,1.57483079347258,199,"TGFBI;MET;SOX9;STC2;KIF20A;AURKA;CD44;HOMER1;CENPA;VEGFA;CDK1;HS6ST2;CHPF;NANP;CHST4;ANKZF1;GAPDHS;GNPDA1;EFNA3;STC1;MIF;DDIT4;PPIA;PAXIP1;PRPS1;NSDHL;HMMR;GALK1;CLDN9;GFUS;MIOX;NOL3;POLR3K;B3GALT6;PKM;ERO1A;COL5A1;IER3;AGRN;STMN1;PGK1;RBCK1;KDELR3;ME1;ENO1;ABCB6;VCAN;P4HA1;NASP;DEPDC1;FUT8;ALG1;SAP30;B4GALT7;FKBP4;PMM2;SRD5A3;PLOD1;LDHA;PPFIA4;CLN6;HS2ST1;IGFBP3;RARS1;TALDO1"
"HALLMARK_IL2_STAT5_SIGNALING",0.000835107559222256,0.00181545121570056,0.477270815362862,-0.289580582176441,-1.49944750825919,199,"PLPP1;CA2;SMPDL3A;GLIPR2;P2RX4;TNFSF10;SCN9A;FGL2;BMP2;MXD1;ITIH5;EMP1;HK2;SH3BGRL2;SHE;WLS;MAP6;IRF4;CD79B;MYO1C;GALM;NDRG1;CDC42SE2;IL4R;AHNAK;SOCS2;PTH1R;CD48;NCS1;BCL2;TLR7;SNX9;IL1R2;CSF1;ABCB1;GABARAPL1;IL10RA;MYO1E;ENPP1;FLT3LG;CYFIP1;KLF6;PENK;SPRED2;APLP1;IRF6;SYT11;PRNP;LTB;IL3RA;CASP3"
"HALLMARK_IL6_JAK_STAT3_SIGNALING",0.00126155280452122,0.0026282350094192,0.45505986738723,-0.372062984495402,-1.64773888156182,86,"IL10RB;HMOX1;ACVRL1;TNFRSF1A;CNTFR;CD36;A2M;IL4R;LEPR;GRB2;FAS;IL1R2;CSF1;EBI3;IL6ST;MYD88;BAK1;ITGB3;IL17RA;STAM2;LTB;IL3RA;STAT3;CD14;CSF2RB;ACVR1B;IFNGR2;CXCL13;PIK3R5;ITGA4;IFNGR1;IL1R1;IFNAR1;TNFRSF21;CD38;IL18R1"
"HALLMARK_ESTROGEN_RESPONSE_EARLY",0.00263756605058357,0.00527513210116713,0.431707695803346,-0.275942758554894,-1.42883089269156,199,"SLC22A5;ENDOD1;KLF4;SLC26A2;SVIL;PEX11A;ADCY9;HSPB8;OPN3;PAPSS2;CXCL12;CA12;GFRA1;MINDY1;NHERF1;CLDN7;CCN5;SLC1A1;PDLIM3;TJP3;FLNB;SNX24;TMEM164;PDZK1;SYNGR1;EEIG1;FKBP5;FCMR;OLFM1;BCL2;B4GALT1;RETREG1;PGR;MAPT;MPPED2;SLC27A2;KLF10;KCNK5;THSD4;RAPGEFL1;IL6ST;SLC16A1;P2RY2;NPY1R;GAB2;AFF1;OLFML3;CYP26B1;CANT1;AR;ASB13;NBL1;CALB2;NRIP1;SCNN1A;BAG1;SEMA3B"
"HALLMARK_KRAS_SIGNALING_UP",0.00291993403424443,0.00561525775816236,0.431707695803346,-0.275079149296868,-1.42435912617902,199,"FUCA1;PRKG2;CA2;ADAMDEC1;KLF4;TMEM100;TSPAN7;MALL;NAP1L2;F2RL1;TSPAN1;TPH1;EPB41L3;BMP2;CROT;BTBD3;CTSS;SPARCL1;EMP1;PEG3;NR1H4;GYPC;VWA5A;F13A1;KIF5C;RELN;MAP4K1;PTPRR;CMKLR1;SCN1B;SNAP91;ABCB1;SCG3;BTC;HDAC9;IL10RA;ID2;CD37;IKZF1;SNAP25;GNG11;CFH;MTMR10"
"HALLMARK_WNT_BETA_CATENIN_SIGNALING",0.00415502323682047,0.00769448747559346,0.407017918923954,0.461722526187916,1.67521141848847,41,"KAT2A;DKK4;MYC;TCF7;CSNK1E;LEF1;AXIN2;NKD1;JAG2;HDAC2;SKP2"
"HALLMARK_ALLOGRAFT_REJECTION",0.00600112307086716,0.0107162911979771,0.407017918923954,-0.260824755915055,-1.34200453688379,196,"ELANE;TLR3;IL16;CD1D;CTSS;PRKCB;FLNA;CFP;IRF4;IL4R;APBB1;CD79A;STAB1;CCR2;B2M;CCL13;BCL10;NCK1;ELF4;FAS;MAP4K1;CSF1;KRT1;EGFR;HDAC9;CCL19;HCLS1;LY86;GZMA;CD96;WAS;CD40LG;CD4;CCL11;CCL5;ITGAL;IL18;CD247;LTB;CD3E;GBP2;HLA-DOB;EIF4G3;CARTPT;ACVR2A;HLA-E;IFNGR2;CD3G;IL10;CXCL13;CD8A;STAT4;CD3D;ST8SIA4;TRAT1;IFNGR1;IL2RB;CD28;ETS1;PTPRC;NCF4;FCGR2B;GALNT1;CD7;TPD52;HLA-DMB;ACHE;FASLG;CCR5;IL18RAP;CD2;TLR1;CCND3;ITK;PTPN6;FYB1"
"HALLMARK_ESTROGEN_RESPONSE_LATE",0.00723613277550888,0.0124760909922567,0.407017918923954,-0.265219950804802,-1.3733082217943,199,"SLC22A5;PDCD4;CA2;UGDH;SGK1;KLF4;SLC26A2;HSPB8;OPN3;PAPSS2;CXCL12;SCUBE2;ATP2B4;CA12;TST;LARGE1;CAV1;NHERF1;CCN5;PDLIM3;TJP3;FLNB;GPER1;PDZK1;EEIG1;FKBP5;PRKAR2B;OLFM1;BCL2;IMPA2;PGR;CHST8;MAPT;HMGCS2;SLC27A2;KCNK5;TPSAB1;RAPGEFL1;IL6ST;ID2;SLC16A1;ALDH3A2;CCNA1;NPY1R;AFF1;CYP26B1;NBL1;NRIP1;SCNN1A;BAG1;JAK1;SEMA3B;MAPK13;CKB;CDH1"
"HALLMARK_KRAS_SIGNALING_DN",0.00914921947602496,0.0152486991267083,0.380730400722792,-0.27501392278672,-1.41301528539564,185,"SLC25A23;SGK1;ABCB11;SELENOP;HSD11B2;KCNMB1;SYNPO;KCNE2;TCF7L1;EDN2;ASB7;AKR1B10;TENT5C;SOX10;CPEB3;CNTFR;THRB;MYOT;UGT2B17;P2RY4;INSL5;CLDN8;GDNF;MAST3;PDK2;NGB;ZBTB16;NOS1;PRKN;MTHFR;KRT1;EFHD1;RSAD2;EPHA5;TFCP2L1;CCNA1;ITGB1BP2;TCL1A;CAMK1D;ARPP21;CD40LG;NPY4R;PTPRJ;CD207;GP1BA;NUDT11;SNCB;CKM;NRIP2;SMPX;CAPN9;SIDT1;PDE6B"
"HALLMARK_ANGIOGENESIS",0.0107142837998352,0.0172811029029599,0.380730400722792,0.459900385583528,1.64614174862434,36,"MSX1;TIMP1;OLR1;SPP1;VEGFA;JAG2;STC1;COL5A2;CXCL6;VCAN;COL3A1;PF4;POSTN"
"HALLMARK_PEROXISOME",0.0112261809862613,0.0175409077910333,0.380730400722792,-0.328806271810616,-1.50009570895682,101,"RETSAT;ACOX1;RXRG;PEX11A;HSD11B2;HSD17B11;SCP2;ABCD3;EHHADH;VPS4B;CAT;UGT2B17;ECI2;ACAA1;HMGCL;EPHX2;MVP;SLC25A4;BCL10;SLC27A2;ABCB1;ABCD2;ABCC8;ECH1;CRAT;ALDH9A1"
"HALLMARK_APOPTOSIS",0.0161029594689458,0.0243984234377967,0.352487857583619,-0.275898839671364,-1.38081839624212,159,"RETSAT;PDCD4;CASP7;ADD1;SLC20A1;TNFSF10;GSN;HMOX1;PSEN1;RNASEL;BMP2;BCL2L2;GPX3;BCL2L11;TXNIP;EMP1;CAV1;CLU;BMF;FEZ1;LGALS3;NEFH;SMAD7;DCN;BCL10;IGFBP6;CDKN1A;FAS;NEDD9;CASP9;DPYD;CCNA1;TGFBR3;IL18;CASP3;CD14;PLAT;RARA;CYLD;ISG20;PPP2R5B;GSTM1;IFNGR1;PAK1;AIFM3;MADD;CFLAR;BCL2L10;CD38;CD69;BTG2"
"HALLMARK_SPERMATOGENESIS",0.0194789199373816,0.0286454704961494,0.352487857583619,0.316309876542963,1.4201993624983,116,"GAD1;EZH2;NEK2;BUB1;TNNI3;KIF2C;AURKA;RFC4;NCAPH;CDK1;CSNK2A2;GAPDHS;DBF4;TTK;CLPB;CDKN3;SLC12A2;CCNB2;PSMG1;PGK2;TOPBP1;CLVS1;TCP11;AKAP4;HSPA4L;GRM8"
"HALLMARK_MITOTIC_SPINDLE",0.0413589364844904,0.0590841949778434,0.271288554688953,0.267086916184094,1.28783298676735,199,"ANLN;TPX2;ECT2;NEK2;BUB1;KIF2C;AURKA;KIF23;CEP72;KIF4A;BIRC5;RACGAP1;PRC1;BRCA2;CDK1;PIF1;PLK1;TOP2A;TTK;CENPF;KNTC1;CKAP5;DLGAP5;NUSAP1;CCNB2;CENPE;ESPL1;TUBGCP3;FBXO5;MID1IP1;KIF11;CENPJ;TBCD;KIF15;KIF20B;CEP250;SMC4;INCENP;NDC80;FSCN1"
"HALLMARK_COAGULATION",0.05320813771518,0.0739001912710833,0.245041785430996,0.285785260471861,1.29764361279436,132,"MMP7;MMP11;KLK8;COMP;DUSP14;MMP3;MMP1;TIMP1;OLR1;PLAU;MMP10;ITGA2;FGA;MMP8;F12;C2;F2;SERPINB2;SERPINE1;SPARC;F2RL2;CTSH;CTSV;MST1;MMP14;FGG;APOC2;HPN"
"HALLMARK_TNFA_SIGNALING_VIA_NFKB",0.0590841949778434,0.0798435067268154,0.224966093540314,0.260839480427971,1.25770925789139,199,"INHBA;FJX1;RIPK2;CCND1;PHLDA1;MYC;CXCL3;TNFSF9;CD44;IL23A;OLR1;CXCL1;DUSP4;FOSL1;VEGFA;PLAU;TGIF1;LIF;CEBPB;IL1A;CXCL2;CSF2;BHLHE40;PMEPA1;DUSP2;SERPINB2;PHLDA2;SERPINE1;SPHK1;CXCL11;CXCL6;AREG"
"HALLMARK_PANCREAS_BETA_CELLS",0.0642857142857143,0.0845864661654135,0.276500599254472,-0.367863456466226,-1.38259746980525,38,"SCGN;VDR;SST;CHGA;LMO2;PCSK2;ABCC8;PAK3;SRP14;GCG;FOXO1;GCK;NEUROD1;AKT3;NKX2-2"
"HALLMARK_TGF_BETA_SIGNALING",0.0889929742388759,0.114093556716508,0.231126709673834,-0.3198476806751,-1.30453394373217,54,"SLC20A1;BCAR3;BMP2;PPM1A;SMAD7;SMAD1;KLF10;ID2;APC;CDH1;WWTR1;IFNGR2;UBE2D3;BMPR1A;ID3;SMAD3"
"HALLMARK_INFLAMMATORY_RESPONSE",0.0923076923076923,0.115384615384615,0.261663521711573,-0.229836485191126,-1.19009272803003,199,"SLC4A4;TLR3;P2RX4;SRI;TNFSF10;PSEN1;LPAR1;PTGER4;MXD1;VIP;BDKRB1;MEP1A;FZD5;IL4R;STAB1;ATP2B1;RAF1;CD48;SELENOS;KCNA3;SLC31A2;CDKN1A;CMKLR1;SCN1B;CSF1;EBI3;IL10RA;SLAMF1;KLF6;ITGB3;P2RY2;BEST1;AXL;NFKBIA;CCL5;IL18;GP1BA;CCRL2;NMUR1;PCDH7;CD14;ACVR1B;CCR7;ACVR2A;HRH1;KIF1B;TACR1;EMP3;IFNGR2;IL10;PIK3R5;NFKB1;KCNMB2;RHOG;SLC28A2;IL1R1;IFNAR1;IL2RB;GPR183;ICAM4;CD69;BTG2;ADGRE1;IL18R1;ADORA2B;SELL;ITGA5;P2RX7;LTA;KCNJ2;PTGER2"
"HALLMARK_REACTIVE_OXYGEN_SPECIES_PATHWAY",0.135391923990499,0.165112102427438,0.186432558434075,-0.324338903130155,-1.27256542571597,48,"PRDX6;GPX3;CAT;MSRA;LSP1;SELENOS;PDLIM1;NDUFS2;PRNP;MBP;HHEX;FES;IPCEF1;MGST1;NDUFA6"
"HALLMARK_PI3K_AKT_MTOR_SIGNALING",0.154269972451791,0.183654729109275,0.188204146308491,-0.257236658051491,-1.17785696950462,103,"CAB39;RIPK1;TNFRSF1A;PRKCB;RPS6KA1;ADCY2;RALB;MAPK10;RAF1;MKNK2;GRB2;NCK1;DUSP3;MAP2K6;CDKN1A;EGFR;MYD88;CAMK4;MKNK1;CFL1;MAPK1;UBE2D3;PRKAA2;TIAM1;NGF;PTEN;CLTC;SFN;FASLG;ACTR2;PRKAR2A;GNA14;PITX2;ECSIT;AP2M1;IL2RG;MAPK9;PAK4"
"HALLMARK_PROTEIN_SECRETION",0.170798898071625,0.198603369850727,0.178219874951973,-0.264226170907732,-1.19357714652347,96,"STX12;VPS4B;SSPN;SNX2;RAB9A;GBF1;EGFR;RAB14;SNAP23;ATP1A1;MAPK1;CD63;KIF1B;RER1;TSPAN8;NAPA;SH3GL2;AP1G1;DST;VPS45;ARFIP1;CLTC;SEC31A;TPD52;VAMP3;ABCA1;CLCN3;MON2;AP2M1;AP3B1;COG2;CTSC;ADAM10;STX7;ARCN1;CLN5;CAV2;TSG101;GALC;TMX1;GOLGA4;NAPG;OCRL;VAMP4;RAB5A"
"HALLMARK_APICAL_SURFACE",0.199052132701422,0.226195605342525,0.151148761385484,-0.302498566808747,-1.17662471686003,44,"MAL;ATP8B1;SLC2A4;SRPX;SCUBE1;CD160;B4GALT1;CRYBG1;AKAP7;ADIPOR2;NTNG1;MDGA1;EFNA5;IL2RB"
"HALLMARK_CHOLESTEROL_HOMEOSTASIS",0.29016393442623,0.3224043715847,0.0985499803531691,0.265455473936496,1.10209880375293,74,"TRIB3;TNFRSF12A;S100A11;SCD;TMEM97;SQLE;DHCR7;HSD17B7;FASN;NSDHL"
"HALLMARK_UV_RESPONSE_UP",0.30635838150289,0.332998240764011,0.132846300606183,-0.21134868470617,-1.04977637379381,156,"CA2;CDKN2B;RAB27A;SULT1A1;HMOX1;MAOA;TST;BMP2;GPX3;BCL2L11;CLCN2;BSG;NAT1;PRKCD;ACAA1;PDLIM3;MARK2;BTG1;SLC25A4;PRKACA;HTR7;OLFM1;ALAS1;ABCB1;IL6ST;EPHX1;BAK1;TMBIM6;HSPA2;NFKBIA;CDO1;CASP3;MGAT1;NTRK3;SLC6A8;PLCL1;CLTB"
"HALLMARK_P53_PATHWAY",0.395280235988201,0.42051088934915,0.0755015292281669,0.212969107179522,1.02769317606711,200,"TRIB3;PVT1;KLK8;GLS2;KRT17;AEN;SLC7A11;RGS16;TNFSF9;RHBDF2;SERPINB5;LIF;JAG2;PERP;IL1A;CDKN2A;H2AC25;SLC3A2;DDIT4;PCNA;IRAK1;WRAP73;SPHK1;POM121;SLC19A2;TM4SF1;NOL8;INHBB;IER3;PLK3;HSPA4L;F2R;PROCR;TPD52L1;ELP1;ADA;DDIT3;RPL18;PITPNC1;GPX2;DRAM1;MAPKAPK3;RAD51C;RPL36;TRIAP1;LDHB;FDXR;RACK1;RPS12;BAIAP2"
"HALLMARK_NOTCH_SIGNALING",0.490367775831874,0.510799766491535,0.0732558655828455,0.282802283253111,0.97861892028365,32,"WNT2;CCND1;KAT2A"
"HALLMARK_INTERFERON_ALPHA_RESPONSE",0.554945054945055,0.566270464229648,0.0908241419007155,-0.211261219665255,-0.957979322602704,97,"TMEM140;TXNIP;TDRD7;IL4R;B2M;DDX60;IRF2;TRIM14;OASL;CSF1;TRIM25;RSAD2;SAMD9;TRAFD1;TENT5A;CCRL2;UBA7;GBP2;ISG20;PARP12;SELL;IFIT2;OAS1;IFI35;C1S;CMPK2;HLA-C;SP110;IL15;TRIM21;SAMD9L"
"HALLMARK_HEDGEHOG_SIGNALING",0.725589225589226,0.725589225589226,0.0524827622635459,0.233551196272903,0.835960105008774,36,"CELSR1;SHH;VEGFA;ADGRG1;THY1;ETS2"
